date,time,sender,message
2026-10-04,08:02,,"Ana created group ""Saturday hike"""
2026-10-04,08:03,Ana,"Morning! The trail is dry, sunny until 3"
2026-10-04,08:03,Ana,Meet at the station at 9:30?
2026-10-04,08:05,Ben,I'm in
2026-10-04,08:06,Sam,Same. Who's bringing what?
2026-10-04,08:07,Chloé,"I can do sandwiches
cheese, ham, one vegan"
2026-10-04,08:10,Sam,"Water and the first-aid kit, then"
2026-10-04,08:10,Sam,"And snacks, obviously"
2026-10-04,08:13,Ben,"Running 10 min late, start without me and I'll catch up at the bridge"
2026-10-04,08:14,Chloé,"""Start without me"" ha. We'll wait"
2026-10-04,08:15,Sam,See you all at 9:30
