date,id,description,category,amount,balance
2026-09-30,TX-4060,Noodle Bar,dining,-26.10,4090.22
2026-09-28,TX-4059,City Bikes,transport,-5.48,4116.32
2026-09-26,TX-4058,Salary,income,3200.00,4121.80
2026-09-25,TX-4057,Cinema,leisure,-11.89,921.80
2026-09-24,TX-4056,Corner Market,groceries,-11.74,933.69
2026-09-23,TX-4055,Refund: headphones,income,89.00,945.43
2026-09-22,TX-4054,Corner Market,groceries,-40.14,856.43
2026-09-20,TX-4053,Electric company,utilities,-72.30,896.57
2026-09-18,TX-4052,Noodle Bar,dining,-18.60,968.87
2026-09-15,TX-4051,Rent,housing,-1200.00,987.47
